spp_points.species,spp_alt_values
albicans,731
albicans,461
albicans,170
albicans,494
albicans,164
albicans,823
albicans,553
albicans,280
albicans,374
albicans,1500
albicans,171
albicans,313
albicans,1508
albicans,250
albicans,490
albicans,1005
albicans,498
albicans,198
albicans,210
albicans,349
albicans,997
albicans,69
albicans,941
albicans,189
albicans,617
albicans,185
albicans,996
albicans,1264
albicans,916
albicans,745
albicans,274
albicans,913
albicans,837
albicans,583
albicans,833
albicans,487
albicans,42
albicans,134
albicans,818
albicans,34
albicans,781
albicans,158
albicans,430
albicans,490
albicans,1198
albicans,53
albicans,267
albicans,90
albicans,60
albicans,821
albicans,278
albicans,219
albicans,12
albicans,75
albicans,859
albicans,809
albicans,743
albicans,884
albicans,59
albicans,20
albicans,48
albicans,981
albicans,76
albicans,36
albicans,132
albicans,21
albicans,547
albicans,1033
albicans,190
albicans,108
albicans,1160
albicans,472
albicans,103
albicans,104
albicans,96
albicans,656
albicans,780
albicans,199
albicans,494
albicans,483
albicans,798
albicans,999
albicans,545
albicans,36
albicans,59
albicans,902
albicans,9
albicans,500
albicans,675
albicans,393
albicans,473
albicans,645
albicans,903
albicans,1171
albicans,542
albicans,554
albicans,63
albicans,173
albicans,482
albicans,108
albicans,250
albicans,479
albicans,106
albicans,583
albicans,256
albicans,648
albicans,70
albicans,16
albicans,8
albicans,7
albicans,109
albicans,51
albicans,801
albicans,101
albicans,1189
albicans,162
albicans,549
albicans,822
albicans,27
albicans,1270
albicans,291
albicans,138
albicans,27
albicans,841
albicans,893
albicans,675
albicans,363
albicans,900
albicans,1175
albicans,772
albicans,775
albicans,20
albicans,165
albicans,747
albicans,734
albicans,864
albicans,712
albicans,7
albicans,79
albicans,171
albicans,89
albicans,19
albicans,1462
albicans,840
albicans,126
albicans,31
albicans,244
albicans,299
albicans,417
albicans,31
albicans,35
albicans,754
albicans,696
albicans,642
albicans,455
albicans,858
albicans,272
albicans,71
albicans,209
albicans,30
albicans,39
albicans,583
albicans,21
albicans,128
albicans,16
albicans,776
albicans,100
albicans,97
albicans,47
albicans,339
albicans,140
albicans,133
albicans,238
albicans,335
albicans,57
albicans,657
albicans,338
albicans,857
albicans,600
albicans,881
albicans,628
albicans,45
albicans,17
albicans,24
albicans,445
albicans,93
albicans,49
albicans,107
albicans,726
albicans,1039
albicans,2030
albicans,94
albicans,571
albicans,276
albicans,661
albicans,323
albicans,359
albicans,894
albicans,526
albicans,83
albicans,453
albicans,134
albicans,254
albicans,36
albicans,60
albicans,50
albicans,963
albicans,443
albicans,74
albicans,232
albicans,1071
albicans,759
albicans,867
albicans,426
albicans,155
albicans,154
albicans,113
albicans,39
albicans,5
albicans,237
albicans,845
albicans,1113
albicans,173
albicans,60
albicans,69
albicans,295
albicans,455
albicans,490
albicans,142
albicans,91
albicans,87
albicans,415
albicans,135
albicans,117
albicans,9
albicans,77
albicans,21
albicans,231
albicans,810
albicans,178
albicans,176
albicans,46
albicans,167
albicans,192
albicans,11
albicans,27
albicans,537
albicans,559
albicans,519
albicans,276
albicans,535
albicans,863
albicans,206
albicans,420
albicans,649
albicans,1128
albicans,1593
albicans,952
albicans,37
albicans,6
albicans,949
albicans,953
albicans,1003
albicans,535
albicans,1182
albicans,542
albicans,264
albicans,272
albicans,231
albicans,646
albicans,211
albicans,1150
albicans,811
albicans,288
albicans,600
albicans,325
albicans,306
albicans,200
albicans,586
albicans,556
albicans,966
albicans,395
albicans,430
albicans,11
albicans,363
albicans,352
albicans,1138
albicans,213
albicans,955
albicans,260
albicans,275
albicans,709
albicans,810
albicans,341
albicans,986
albicans,316
albicans,269
albicans,233
albicans,107
albicans,51
albicans,491
albicans,730
albicans,257
albicans,929
albicans,393
albicans,227
albicans,425
albicans,130
albicans,480
albicans,150
albicans,924
albicans,38
albicans,53
albicans,828
albicans,56
albicans,747
albicans,772
albicans,222
albicans,28
albicans,226
albicans,343
albicans,378
albicans,443
albicans,37
albicans,534
albicans,412
albicans,537
albicans,783
albicans,602
albicans,950
albicans,1385
albicans,367
albicans,52
albicans,587
albicans,220
albicans,869
albicans,31
albicans,363
albicans,629
albicans,279
albicans,899
albicans,71
albicans,743
albicans,868
albicans,1350
albicans,1185
albicans,19
albicans,327
albicans,512
albicans,1117
albicans,1319
albicans,770
albicans,28
albicans,29
albicans,1439
albicans,841
albicans,1181
albicans,573
albicans,414
albicans,510
albicans,320
albicans,125
albicans,12
albicans,218
albicans,57
albicans,72
albicans,14
albicans,100
albicans,109
albicans,587
albicans,1545
albicans,524
albicans,869
albicans,32
albicans,505
albicans,657
albicans,1100
albicans,378
albicans,647
albicans,202
albicans,95
albicans,209
albicans,190
albicans,646
albicans,86
albicans,819
albicans,64
albicans,51
albicans,357
albicans,431
albicans,482
albicans,763
albicans,352
albicans,945
albicans,20
albicans,14
albicans,759
albicans,155
albicans,461
albicans,1031
albicans,990
albicans,95
albicans,178
albicans,554
albicans,827
albicans,145
albicans,425
albicans,723
albicans,173
albicans,448
albicans,1313
albicans,597
albicans,691
albicans,6
albicans,1076
albicans,130
albicans,34
albicans,1128
albicans,38
albicans,36
albicans,20
albicans,502
albicans,6
albicans,166
albicans,677
albicans,31
albicans,53
albicans,397
albicans,240
albicans,1041
albicans,10
albicans,899
albicans,7
albicans,43
albicans,446
albicans,530
albicans,67
albicans,75
albicans,17
albicans,42
albicans,686
albicans,540
albicans,87
albicans,266
albicans,11
albicans,1192
albicans,270
albicans,332
albicans,1021
albicans,1262
albicans,1390
albicans,837
albicans,19
albicans,419
albicans,656
albicans,845
albicans,229
albicans,725
albicans,421
albicans,448
albicans,952
albicans,49
albicans,584
albicans,224
albicans,769
albicans,1153
albicans,136
albicans,124
albicans,176
albicans,141
albicans,655
albicans,250
albicans,1232
albicans,792
albicans,492
albicans,752
albicans,763
albicans,920
albicans,806
albicans,954
albicans,22
albicans,1015
albicans,770
albicans,916
albicans,767
albicans,129
albicans,817
albicans,113
albicans,513
albicans,118
albicans,9
albicans,514
albicans,328
albicans,925
albicans,848
albicans,1109
albicans,670
albicans,685
albicans,636
albicans,5
albicans,141
albicans,308
albicans,706
albicans,1028
albicans,356
albicans,343
albicans,841
albicans,1099
albicans,118
albicans,619
albicans,328
albicans,961
albicans,987
albicans,276
albicans,388
albicans,573
albicans,370
albicans,447
albicans,1132
albicans,248
albicans,266
albicans,262
albicans,179
albicans,124
albicans,316
albicans,741
albicans,1559
albicans,351
albicans,1113
albicans,1216
albicans,174
albicans,940
albicans,52
albicans,517
albicans,726
albicans,246
albicans,1184
albicans,196
albicans,1515
albicans,838
albicans,1109
albicans,935
albicans,963
albicans,1107
albicans,514
albicans,677
albicans,1003
albicans,1171
albicans,693
albicans,2320
albicans,1786
albicans,545
albicans,283
albicans,856
albicans,178
albicans,157
albicans,777
albicans,16
albicans,239
albicans,643
albicans,950
albicans,977
albicans,1147
albicans,846
albicans,505
albicans,535
albicans,282
albicans,771
albicans,879
albicans,214
albicans,286
albicans,1196
albicans,78
albicans,346
albicans,511
albicans,11
albicans,648
albicans,281
albicans,854
albicans,588
albicans,1010
albicans,252
albicans,15
albicans,39
albicans,912
albicans,18
albicans,30
albicans,54
albicans,118
albicans,8
albicans,645
albicans,87
albicans,1020
albicans,694
albicans,282
albicans,286
albicans,1310
albicans,438
albicans,20
albicans,482
albicans,464
albicans,329
albicans,9
albicans,172
albicans,13
albicans,160
albicans,5
albicans,1038
albicans,60
albicans,218
albicans,682
albicans,525
albicans,1594
albicans,537
albicans,161
albicans,160
albicans,16
albicans,70
albicans,168
albicans,18
albicans,260
albicans,8
albicans,104
albicans,190
albicans,464
albicans,887
albicans,1195
albicans,777
albicans,799
albicans,73
albicans,662
albicans,15
albicans,65
albicans,166
albicans,100
albicans,632
albicans,14
albicans,21
albicans,238
albicans,429
albicans,793
albicans,865
albicans,880
albicans,1071
albicans,660
albicans,691
albicans,118
albicans,712
albicans,110
albicans,1013
albicans,468
albicans,60
albicans,525
albicans,11
albicans,11
albicans,609
albicans,546
albicans,650
albicans,153
albicans,945
albicans,53
albicans,1104
albicans,541
albicans,717
albicans,596
albicans,93
albicans,3
albicans,5
albicans,61
albicans,834
albicans,121
albicans,512
albicans,825
albicans,24
albicans,538
albicans,118
albicans,756
albicans,1070
albicans,989
albicans,299
albicans,646
albicans,830
albicans,684
albicans,886
albicans,1100
albicans,875
albicans,719
albicans,883
albicans,182
albicans,6
albicans,794
albicans,588
albicans,917
albicans,1328
albicans,1067
albicans,1521
albicans,1727
albicans,321
albicans,411
albicans,130
albicans,38
albicans,1308
albicans,986
albicans,325
albicans,916
albicans,115
albicans,721
albicans,279
albicans,652
albicans,578
albicans,197
albicans,81
albicans,49
albicans,646
albicans,129
albicans,617
albicans,97
albicans,911
albicans,744
albicans,232
albicans,1193
albicans,113
albicans,573
albicans,181
albicans,605
albicans,646
albicans,1339
albicans,35
albicans,51
albicans,276
albicans,831
albicans,300
albicans,1462
albicans,318
albicans,1131
albicans,1064
albicans,764
albicans,823
albicans,15
albicans,662
albicans,909
albicans,23
albicans,1309
albicans,763
albicans,703
albicans,77
albicans,98
albicans,854
albicans,549
albicans,295
albicans,180
albicans,361
albicans,197
albicans,415
albicans,311
albicans,314
albicans,175
albicans,1315
albicans,1235
albicans,312
albicans,808
albicans,353
albicans,181
albicans,196
albicans,822
albicans,6
albicans,50
albicans,31
albicans,1071
albicans,645
albicans,377
albicans,714
albicans,447
albicans,982
albicans,29
albicans,42
albicans,19
albicans,862
albicans,864
albicans,198
albicans,505
albicans,17
albicans,210
albicans,41
albicans,13
albicans,21
albicans,499
albicans,17
albicans,634
albicans,289
albicans,38
albicans,4
albicans,4
albicans,1098
albicans,517
albicans,9
albicans,844
albicans,280
albicans,1038
albicans,76
albicans,148
albicans,10
albicans,371
albicans,889
albicans,45
albicans,1128
albicans,645
albicans,1056
albicans,600
albicans,968
albicans,413
albicans,675
albicans,599
albicans,195
albicans,192
albicans,828
albicans,542
albicans,1290
albicans,768
albicans,773
albicans,120
albicans,1868
albicans,21
albicans,434
albicans,27
albicans,1147
albicans,940
albicans,24
albicans,6
albicans,498
albicans,424
albicans,138
albicans,17
albicans,56
albicans,1421
albicans,801
albicans,744
albicans,1133
albicans,9
albicans,118
albicans,616
albicans,742
albicans,24
albicans,159
albicans,264
albicans,32
albicans,229
albicans,23
albicans,415
albicans,90
albicans,705
albicans,444
albicans,518
albicans,432
albicans,661
albicans,114
albicans,195
albicans,325
albicans,125
albicans,131
albicans,17
albicans,60
albicans,68
albicans,55
albicans,263
albicans,974
albicans,161
albicans,689
albicans,58
albicans,358
albicans,540
albicans,159
albicans,8
albicans,131
albicans,181
albicans,669
albicans,217
albicans,503
albicans,503
albicans,102
albicans,492
albicans,1079
albicans,36
albicans,38
albicans,27
albicans,374
albicans,43
albicans,13
albicans,868
albicans,915
albicans,735
albicans,782
albicans,502
albicans,345
albicans,87
albicans,128
albicans,289
albicans,236
albicans,12
albicans,29
albicans,1136
albicans,789
albicans,1136
albicans,716
albicans,57
albicans,69
albicans,48
albicans,198
albicans,695
albicans,63
albicans,55
albicans,57
albicans,24
albicans,47
albicans,101
albicans,1186
albicans,909
albicans,511
albicans,872
albicans,834
albicans,1234
albicans,864
albicans,824
albicans,1266
albicans,75
albicans,136
albicans,1041
albicans,1012
albicans,300
albicans,759
albicans,896
albicans,870
albicans,414
albicans,1680
albicans,507
albicans,683
albicans,330
albicans,365
albicans,390
albicans,304
albicans,259
albicans,640
albicans,664
albicans,58
albicans,1064
albicans,206
albicans,284
albicans,574
albicans,210
albicans,658
albicans,956
albicans,78
albicans,666
albicans,283
albicans,53
albicans,676
albicans,447
albicans,676
albicans,824
albicans,667
albicans,148
albicans,588
albicans,939
albicans,927
albicans,558
albicans,868
albicans,46
albicans,353
albicans,536
albicans,649
albicans,1020
albicans,227
albicans,882
albicans,688
albicans,410
albicans,43
albicans,581
albicans,455
albicans,686
albicans,569
albicans,32
albicans,413
albicans,712
albicans,56
albicans,818
albicans,177
albicans,51
albicans,1079
albicans,863
albicans,536
albicans,538
albicans,662
albicans,80
albicans,237
albicans,228
albicans,315
albicans,878
albicans,12
albicans,290
albicans,370
albicans,1091
albicans,1017
albicans,830
albicans,8
albicans,891
albicans,165
albicans,390
albicans,688
albicans,207
albicans,554
albicans,917
albicans,958
albicans,17
albicans,20
albicans,13
albicans,826
albicans,123
albicans,1071
albicans,354
albicans,690
albicans,478
albicans,478
albicans,274
albicans,222
albicans,73
albicans,243
albicans,377
albicans,1055
albicans,830
albicans,1756
albicans,181
albicans,886
albicans,83
albicans,126
albicans,87
albicans,714
albicans,602
albicans,669
albicans,423
albicans,186
albicans,791
albicans,224
albicans,188
albicans,298
albicans,312
albicans,460
albicans,510
albicans,385
albicans,363
albicans,401
albicans,463
albicans,302
albicans,462
albicans,361
albicans,338
albicans,389
albicans,312
albicans,348
albicans,358
albicans,384
albicans,385
albicans,403
albicans,327
albicans,390
albicans,403
albicans,370
albicans,424
albicans,298
albicans,334
albicans,485
albicans,541
albicans,414
albicans,746
albicans,511
albicans,463
albicans,1037
albicans,1171
albicans,755
albicans,4
albicans,25
albicans,796
albicans,711
albicans,693
albicans,586
albicans,127
albicans,84
albicans,779
albicans,867
albicans,7
albicans,1051
albicans,1035
albicans,817
albicans,802
albicans,823
albicans,728
albicans,801
albicans,604
albicans,621
albicans,653
albicans,533
albicans,562
albicans,1147
albicans,710
albicans,663
albicans,727
albicans,314
albicans,342
albicans,768
albicans,295
albicans,1204
albicans,192
albicans,11
albicans,113
albicans,1380
albicans,836
albicans,814
albicans,645
albicans,842
albicans,28
albicans,325
albicans,140
albicans,232
albicans,1287
albicans,684
albicans,244
albicans,266
albicans,254
albicans,93
albicans,116
albicans,650
albicans,783
albicans,35
albicans,63
albicans,835
albicans,152
albicans,950
albicans,1082
albicans,576
albicans,29
albicans,529
albicans,757
albicans,761
albicans,1201
albicans,2216
albicans,478
albicans,197
albicans,156
albicans,1324
albicans,101
albicans,51
albicans,631
albicans,37
albicans,944
albicans,962
albicans,79
albicans,92
albicans,590
albicans,291
albicans,794
albicans,1265
albicans,743
albicans,809
albicans,722
albicans,707
albicans,1066
albicans,630
albicans,562
albicans,735
albicans,864
albicans,505
albicans,517
albicans,594
albicans,1090
albicans,15
albicans,19
albicans,1
albicans,588
albicans,807
albicans,831
albicans,274
albicans,320
albicans,128
albicans,105
albicans,83
albicans,717
albicans,578
albicans,830
albicans,454
albicans,546
albicans,106
albicans,589
albicans,523
albicans,223
albicans,300
albicans,1395
albicans,276
albicans,578
albicans,34
albicans,41
albicans,78
albicans,895
albicans,358
alborufescens,982
alborufescens,457
alborufescens,1116
alborufescens,1373
alborufescens,565
alborufescens,441
alborufescens,963
alborufescens,59
alborufescens,1056
alborufescens,843
alborufescens,38
alborufescens,996
alborufescens,295
alborufescens,139
alborufescens,490
alborufescens,135
alborufescens,292
alborufescens,993
alborufescens,1023
alborufescens,1020
alborufescens,807
alborufescens,1010
alborufescens,131
alborufescens,1158
alborufescens,40
alborufescens,44
alborufescens,864
alborufescens,823
alborufescens,1266
alborufescens,1015
alborufescens,1076
alborufescens,787
alborufescens,986
alborufescens,395
alborufescens,1082
alborufescens,1329
alborufescens,1313
alborufescens,1026
alborufescens,883
alborufescens,1004
alborufescens,743
alborufescens,512
alborufescens,849
alborufescens,38
alborufescens,495
alborufescens,607
alborufescens,83
alborufescens,11
alborufescens,1066
alborufescens,1064
alborufescens,1262
alborufescens,1421
alborufescens,1449
alborufescens,259
alborufescens,792
alborufescens,816
alborufescens,250
alborufescens,120
alborufescens,1339
alborufescens,841
alborufescens,841
alborufescens,855
alborufescens,519
alborufescens,510
alborufescens,862
alborufescens,1173
alborufescens,914
alborufescens,976
alborufescens,781
alborufescens,582
alborufescens,505
alborufescens,130
alborufescens,1002
alborufescens,748
alborufescens,49
alborufescens,1107
alborufescens,989
alborufescens,182
alborufescens,316
alborufescens,845
alborufescens,1308
alborufescens,1120
alborufescens,1339
alborufescens,286
alborufescens,1395
alborufescens,75
alborufescens,1054
alborufescens,316
alborufescens,530
alborufescens,540
alborufescens,927
alborufescens,725
alborufescens,652
alborufescens,65
alborufescens,724
alborufescens,60
alborufescens,1352
alborufescens,705
alborufescens,27
alborufescens,1189
alborufescens,695
alborufescens,383
alborufescens,1202
alborufescens,1041
alborufescens,1029
alborufescens,529
alborufescens,1202
alborufescens,26
alborufescens,683
alborufescens,631
alborufescens,1305
alborufescens,961
alborufescens,579
alborufescens,689
alborufescens,710
alborufescens,994
alborufescens,16
alborufescens,477
alborufescens,1287
alborufescens,974
alborufescens,1196
alborufescens,1014
alborufescens,1059
alborufescens,23
alborufescens,385
alborufescens,96
alborufescens,490
alborufescens,1124
alborufescens,1133
alborufescens,1178
alborufescens,962
alborufescens,1462
alborufescens,1030
alborufescens,223
alborufescens,88
alborufescens,874
alborufescens,781
amnicola,1322
amnicola,206
amnicola,267
amnicola,61
amnicola,1022
amnicola,98
amnicola,1435
amnicola,109
amnicola,93
amnicola,287
amnicola,100
amnicola,127
amnicola,151
amnicola,261
argyrophylla,742
argyrophylla,368
argyrophylla,108
argyrophylla,88
argyrophylla,280
argyrophylla,316
argyrophylla,646
argyrophylla,98
argyrophylla,117
argyrophylla,79
argyrophylla,84
argyrophylla,65
argyrophylla,1062
argyrophylla,129
argyrophylla,78
argyrophylla,312
argyrophylla,116
argyrophylla,255
argyrophylla,42
argyrophylla,90
argyrophylla,260
argyrophylla,195
argyrophylla,61
argyrophylla,1754
argyrophylla,32
argyrophylla,29
argyrophylla,185
argyrophylla,22
argyrophylla,286
argyrophylla,134
argyrophylla,93
argyrophylla,54
argyrophylla,203
argyrophylla,27
argyrophylla,90
argyrophylla,952
argyrophylla,1485
argyrophylla,51
argyrophylla,24
argyrophylla,122
argyrophylla,456
argyrophylla,498
argyrophylla,49
argyrophylla,372
argyrophylla,12
argyrophylla,51
argyrophylla,63
argyrophylla,157
argyrophylla,257
argyrophylla,32
argyrophylla,91
argyrophylla,74
argyrophylla,553
argyrophylla,117
argyrophylla,233
argyrophylla,124
argyrophylla,261
argyrophylla,257
argyrophylla,36
argyrophylla,1010
argyrophylla,1245
argyrophylla,148
argyrophylla,33
argyrophylla,28
argyrophylla,51
argyrophylla,32
argyrophylla,40
argyrophylla,97
argyrophylla,139
argyrophylla,974
argyrophylla,55
argyrophylla,123
argyrophylla,61
argyrophylla,320
argyrophylla,229
argyrophylla,909
argyrophylla,109
argyrophylla,90
argyrophylla,132
argyrophylla,109
argyrophylla,467
argyrophylla,17
argyrophylla,200
argyrophylla,273
argyrophylla,31
argyrophylla,71
argyrophylla,69
argyrophylla,55
argyrophylla,740
argyrophylla,29
argyrophylla,134
argyrophylla,62
argyrophylla,70
argyrophylla,83
argyrophylla,69
argyrophylla,1310
argyrophylla,82
argyrophylla,32
argyrophylla,107
argyrophylla,174
argyrophylla,4
argyrophylla,21
argyrophylla,49
argyrophylla,83
argyrophylla,308
argyrophylla,84
argyrophylla,189
argyrophylla,91
argyrophylla,140
argyrophylla,124
argyrophylla,25
argyrophylla,107
argyrophylla,1090
argyrophylla,621
argyrophylla,1547
argyrophylla,942
argyrophylla,784
argyrophylla,1668
argyrophylla,282
argyrophylla,579
argyrophylla,1034
atlantica,636
atlantica,425
atlantica,756
atlantica,368
atlantica,802
atlantica,1102
atlantica,757
atlantica,144
atlantica,690
atlantica,141
atlantica,402
atlantica,756
atlantica,324
atlantica,812
atlantica,577
atlantica,635
atlantica,945
atlantica,547
atlantica,975
atlantica,1106
baumgratziana,855
baumgratziana,1001
baumgratziana,250
baumgratziana,15
baumgratziana,476
baumgratziana,707
baumgratziana,453
baumgratziana,636
baumgratziana,1103
baumgratziana,1858
baumgratziana,269
baumgratziana,690
baumgratziana,1354
brunnea,1177
brunnea,513
brunnea,496
brunnea,868
brunnea,627
brunnea,1089
brunnea,808
brunnea,874
brunnea,792
brunnea,1303
brunnea,806
brunnea,806
brunnea,761
brunnea,977
brunnea,1157
brunnea,727
brunnea,315
brunnea,1186
brunnea,1022
brunnea,133
budlejoides,559
budlejoides,795
budlejoides,1125
budlejoides,932
budlejoides,984
budlejoides,1165
budlejoides,679
budlejoides,1086
budlejoides,918
budlejoides,1312
budlejoides,849
budlejoides,57
budlejoides,95
budlejoides,17
budlejoides,730
budlejoides,725
budlejoides,818
budlejoides,293
budlejoides,17
budlejoides,1177
budlejoides,792
budlejoides,646
budlejoides,134
budlejoides,208
budlejoides,712
budlejoides,375
budlejoides,1550
budlejoides,1133
budlejoides,757
budlejoides,566
budlejoides,1371
budlejoides,266
budlejoides,791
budlejoides,221
budlejoides,886
budlejoides,625
budlejoides,718
budlejoides,97
budlejoides,874
budlejoides,1292
budlejoides,683
budlejoides,16
budlejoides,641
budlejoides,624
budlejoides,593
budlejoides,37
budlejoides,482
budlejoides,198
budlejoides,941
budlejoides,5
budlejoides,79
budlejoides,113
budlejoides,117
budlejoides,67
budlejoides,545
budlejoides,838
budlejoides,138
budlejoides,756
budlejoides,636
budlejoides,537
budlejoides,785
budlejoides,275
budlejoides,487
budlejoides,557
budlejoides,331
budlejoides,1003
budlejoides,891
budlejoides,103
budlejoides,44
budlejoides,1197
budlejoides,964
budlejoides,651
budlejoides,749
budlejoides,812
budlejoides,742
budlejoides,210
budlejoides,1389
budlejoides,273
budlejoides,724
budlejoides,493
budlejoides,547
budlejoides,112
budlejoides,1157
budlejoides,1439
budlejoides,1171
budlejoides,542
budlejoides,727
budlejoides,162
budlejoides,607
budlejoides,1093
budlejoides,1358
budlejoides,209
budlejoides,758
budlejoides,213
budlejoides,208
budlejoides,883
budlejoides,1118
budlejoides,623
budlejoides,1023
budlejoides,1189
budlejoides,269
budlejoides,956
burchellii,125
burchellii,533
burchellii,907
burchellii,1063
burchellii,526
burchellii,795
burchellii,747
burchellii,1064
burchellii,1124
burchellii,986
burchellii,933
burchellii,352
burchellii,745
burchellii,645
burchellii,223
burchellii,927
burchellii,396
burchellii,1123
burchellii,806
burchellii,898
burchellii,547
burchellii,937
burchellii,328
burchellii,461
burchellii,1136
burchellii,985
burchellii,937
burchellii,1107
burchellii,1005
burchellii,987
burchellii,1024
burchellii,746
burchellii,1225
burchellii,961
burchellii,51
burchellii,995
burchellii,1131
burchellii,656
burchellii,869
burchellii,831
burchellii,591
burchellii,85
burchellii,1017
burchellii,1071
burchellii,1060
burchellii,1126
burchellii,1352
burchellii,723
burchellii,1126
burchellii,280
burchellii,1204
burchellii,954
burchellii,872
burchellii,782
burchellii,909
burchellii,866
burchellii,1106
burchellii,647
burchellii,1056
burchellii,1248
burchellii,1161
burchellii,962
burchellii,1215
burchellii,1133
burchellii,1170
burchellii,741
burchellii,527
burchellii,404
burchellii,1240
castaneiflora,458
castaneiflora,887
castaneiflora,755
castaneiflora,1613
castaneiflora,940
castaneiflora,2164
castaneiflora,1171
castaneiflora,669
castaneiflora,782
castaneiflora,1394
castaneiflora,752
castaneiflora,815
castaneiflora,727
castaneiflora,798
chrysophylla,53
chrysophylla,19
chrysophylla,332
chrysophylla,70
chrysophylla,121
chrysophylla,113
chrysophylla,49
chrysophylla,616
chrysophylla,498
chrysophylla,215
chrysophylla,144
chrysophylla,414
chrysophylla,302
chrysophylla,483
chrysophylla,15
chrysophylla,146
chrysophylla,144
chrysophylla,48
chrysophylla,292
chrysophylla,30
chrysophylla,70
chrysophylla,192
chrysophylla,74
chrysophylla,157
chrysophylla,163
chrysophylla,15
chrysophylla,92
chrysophylla,25
chrysophylla,32
chrysophylla,194
chrysophylla,720
chrysophylla,51
chrysophylla,208
chrysophylla,174
chrysophylla,78
chrysophylla,66
chrysophylla,85
chrysophylla,20
chrysophylla,59
chrysophylla,63
chrysophylla,267
chrysophylla,522
chrysophylla,70
chrysophylla,102
chrysophylla,542
chrysophylla,150
chrysophylla,110
chrysophylla,135
chrysophylla,88
chrysophylla,181
chrysophylla,16
chrysophylla,224
chrysophylla,26
chrysophylla,612
chrysophylla,197
chrysophylla,294
chrysophylla,94
chrysophylla,226
chrysophylla,43
chrysophylla,166
chrysophylla,477
chrysophylla,51
chrysophylla,565
chrysophylla,165
chrysophylla,286
cinerascens,1171
cinerascens,886
cinerascens,926
cinerascens,780
cinerascens,1057
cinerascens,1622
cinerascens,308
cinerascens,754
cinerascens,45
cinerascens,1858
cinerascens,996
cinerascens,87
cinerascens,859
cinerascens,220
cinerascens,709
cinerascens,583
cinerascens,991
cinerascens,656
cinerascens,1182
cinerascens,1196
cinerascens,719
cinerascens,996
cinerascens,581
cinerascens,917
cinerascens,1032
cinerascens,982
cinerascens,3
cinerascens,28
cinerascens,730
cinerascens,90
cinerascens,895
cinerascens,927
cinerascens,860
cinerascens,1029
cinerascens,22
cinerascens,139
cinerascens,23
cinerascens,778
cinerascens,1009
cinerascens,770
cinerascens,940
cinerascens,897
cinerascens,929
cinerascens,821
cinerascens,731
cinerascens,573
cinerascens,1106
cinerascens,862
cinerascens,945
cinerascens,9
cinerascens,990
cinerascens,117
cinerascens,9
cinerascens,61
cinerascens,783
cinerascens,21
cinerascens,161
cinerascens,967
cinerascens,59
cinerascens,763
cinerascens,1022
cinerascens,1091
cinerascens,734
cinerascens,25
cinerascens,738
cinerascens,1613
cinerascens,1073
cinerascens,893
cinerascens,1261
cinerascens,1108
cinerascens,1108
cinerascens,916
cinerascens,25
cinerascens,962
cinerascens,1005
cinerascens,69
cinerascens,1409
cinerascens,15
cinerascens,924
cinerascens,91
cinerascens,950
cinerascens,736
cinerascens,923
cinerascens,616
cinerascens,608
cinerascens,898
cinerascens,844
cinerascens,1088
cinerascens,773
cinerascens,32
cinerascens,895
cinerascens,238
cinerascens,913
cinerascens,911
cinerascens,1073
cinerascens,919
cinerascens,921
cinerascens,923
cinerascens,11
cinerascens,109
cinerascens,938
cinerascens,1176
cinerascens,865
cinerascens,853
cinerascens,43
cinerascens,20
cinerascens,1011
cinerascens,208
cinerascens,887
cinerascens,1732
cinerascens,875
cinerascens,1333
cinerascens,43
cinerascens,21
cinerascens,932
cinerascens,617
cinerascens,800
cinerascens,1404
cinerascens,665
cinerascens,79
cinerascens,976
cinerascens,924
cinerascens,796
cinerascens,889
cinerascens,771
cinerascens,380
cinerascens,628
cinerascens,656
cinerascens,93
cinerascens,3
cinerascens,951
cinerascens,963
cinerascens,943
cinerascens,12
cinerascens,117
cinerascens,35
cinerascens,884
cinerascens,878
cinerascens,13
cinerascens,1162
cinerascens,569
cinerascens,622
cinerascens,965
cinerascens,933
cinerascens,1419
cinerascens,1706
cinerascens,1017
cinerascens,28
cinerascens,36
cinerascens,906
cinerascens,558
cinerascens,817
cinerascens,929
cinerascens,1196
cinerascens,785
cinerascens,27
cinerascens,646
cinerascens,6
cinerascens,65
cinerascens,587
cinerascens,28
cinerascens,640
cinerascens,284
cinerascens,15
cinerascens,895
cinerascens,1603
cinerascens,1255
cinerascens,15
cinerascens,1756
cinerascens,883
cinerascens,11
cinerascens,539
cinerascens,1347
cinerascens,24
cinerascens,863
cinerascens,552
cinerascens,612
cinerascens,786
cinerascens,1704
cinerascens,12
cinerascens,20
cinerascens,1078
cinerascens,704
cinerascens,770
cinerascens,782
cinerascens,721
cinerascens,1300
cinerascens,1486
cinerascens,1045
cinerascens,20
cinerascens,302
cinerascens,686
cinerascens,867
cinerascens,239
cinerascens,934
cinerascens,29
cinerascens,5
cinerascens,1154
cinerascens,823
cinerascens,367
cinerascens,1001
cinerascens,130
cinerascens,13
cinerascens,1037
cinerascens,884
cinerascens,786
cinerascens,796
cinerascens,505
cinerascens,984
cinerascens,72
cinerascens,571
cinerascens,1002
cinerascens,769
cinerascens,576
cinerascens,776
cinerascens,370
cinerascens,512
cinerascens,1011
cinerascens,511
cinerascens,847
cinerascens,575
cinerascens,787
cinerascens,693
cinerascens,9
cinerascens,15
cinerascens,1039
cinerascens,26
cinerascens,31
cinerascens,922
cinerascens,23
cinerascens,329
cinerascens,26
cinerascens,117
cinerascens,249
cinerascens,869
cinerascens,1284
cinerascens,1053
cinerascens,1232
cinerascens,918
cinerascens,1144
cinerascens,1130
cinerascens,279
cinerascens,1553
cinerascens,752
cinerascens,18
cinerascens,862
cinerascens,555
cinerascens,825
cinerascens,821
cinerascens,777
cinerascens,383
cinerascens,812
cinerascens,161
cinerascens,202
cinerascens,27
cinerascens,171
cinerascens,1078
cinerascens,300
cinerascens,92
cinerascens,285
cinerascens,1001
cinerascens,797
cinerascens,787
cinerascens,863
cinerascens,853
cinerascens,1020
cinerascens,1819
cinerascens,1068
cinerascens,28
cinerascens,16
cinerascens,44
cinerascens,849
cinerascens,686
cinerascens,582
cinerascens,887
cinerascens,661
cinerascens,1050
cinerascens,33
cinerascens,223
cinerascens,815
cinerascens,137
cinerascens,632
cinerascens,203
cinerascens,267
cinerascens,246
cinerascens,242
cinerascens,269
cinerascens,298
cinerascens,265
cinerascens,113
cinerascens,357
cinerascens,98
cinerascens,111
cinerascens,122
cinerascens,781
cinerascens,349
cinerascens,534
cipoensis,1194
cipoensis,1155
cipoensis,845
cipoensis,784
cipoensis,774
cipoensis,711
cipoensis,816
cipoensis,1237
corallina,1354
corallina,1351
corallina,1050
corallina,1173
corallina,1196
corallina,790
corallina,1018
corallina,1419
corallina,1200
corallina,918
corallina,1613
corallina,827
corallina,1998
corallina,851
corallina,1490
corallina,850
corallina,952
corallina,1239
corallina,1177
corallina,1128
corallina,761
corallina,864
corallina,1031
corallina,618
corallina,1271
corallina,1437
corallina,1293
corallina,1339
corallina,1071
corallina,1174
corallina,814
corallina,1144
cowanii,81
cowanii,419
cowanii,332
cowanii,84
cowanii,121
cowanii,61
cowanii,28
cowanii,65
cowanii,118
cowanii,123
cowanii,118
cowanii,341
cowanii,154
cowanii,14
cowanii,44
cowanii,503
cowanii,50
cowanii,286
cowanii,51
cowanii,28
cowanii,27
cowanii,98
cowanii,101
cowanii,96
cowanii,109
cowanii,31
cowanii,83
cowanii,92
cowanii,35
cowanii,60
cowanii,102
cowanii,112
cowanii,168
cowanii,27
cowanii,123
cowanii,134
cowanii,405
cowanii,102
cowanii,42
cowanii,52
cowanii,20
cowanii,22
cowanii,511
cowanii,45
cowanii,51
cowanii,162
cubatanensis,1163
cubatanensis,1171
cubatanensis,1079
cubatanensis,6
cubatanensis,13
cubatanensis,1160
cubatanensis,952
cubatanensis,7
cubatanensis,46
cubatanensis,824
cubatanensis,9
cubatanensis,11
cubatanensis,1022
cubatanensis,995
cubatanensis,499
cubatanensis,496
cubatanensis,14
cubatanensis,1101
cubatanensis,855
cubatanensis,1351
cubatanensis,1203
cubatanensis,18
cubatanensis,1102
cubatanensis,932
cubatanensis,756
cubatanensis,1123
cubatanensis,673
cubatanensis,1022
cubatanensis,21
cubatanensis,302
cubatanensis,309
cubatanensis,1136
cubatanensis,838
cubatanensis,759
cubatanensis,794
cubatanensis,740
cubatanensis,266
cubatanensis,776
cubatanensis,163
cubatanensis,665
cubatanensis,973
cubatanensis,1421
cubatanensis,862
cubatanensis,743
cubatanensis,816
cubatanensis,73
cubatanensis,987
cubatanensis,20
cubatanensis,16
cubatanensis,1159
cubatanensis,1340
cubatanensis,782
cubatanensis,806
cubatanensis,966
cubatanensis,1220
cubatanensis,1014
cubatanensis,15
cubatanensis,282
cubatanensis,976
cubatanensis,144
cubatanensis,79
cubatanensis,1195
cubatanensis,61
cubatanensis,59
cubatanensis,230
cubatanensis,813
cubatanensis,896
cubatanensis,275
cubatanensis,6
cubatanensis,21
cubatanensis,1
cubatanensis,1070
cubatanensis,923
cubatanensis,14
cubatanensis,1039
cubatanensis,845
cubatanensis,1439
cubatanensis,16
cubatanensis,103
cubatanensis,813
cubatanensis,835
cubatanensis,1277
cubatanensis,1198
cubatanensis,676
cubatanensis,499
cubatanensis,567
cubatanensis,293
cubatanensis,1288
cubatanensis,1301
cubatanensis,20
cubatanensis,1003
cubatanensis,726
cubatanensis,889
cubatanensis,1117
cubatanensis,161
cubatanensis,185
cubatanensis,1022
cubatanensis,126
cubatanensis,884
cubatanensis,574
cubatanensis,106
cubatanensis,3
cubatanensis,1079
cubatanensis,592
cubatanensis,2
cubatanensis,83
cubatanensis,214
cubatanensis,899
cubatanensis,63
cubatanensis,69
cubatanensis,1287
cubatanensis,636
cubatanensis,300
cubatanensis,273
cubatanensis,332
cubatanensis,73
cubatanensis,285
cubatanensis,618
cubatanensis,814
cubatanensis,945
cubatanensis,1017
cubatanensis,48
cubatanensis,13
cubatanensis,1173
cubatanensis,825
cubatanensis,1263
cyathanthera,975
cyathanthera,1273
cyathanthera,977
cyathanthera,1050
cyathanthera,909
cyathanthera,1034
cyathanthera,864
cyathanthera,1439
cyathanthera,1175
cyathanthera,1437
cyathanthera,1064
cyathanthera,1159
cyathanthera,1190
cyathanthera,771
cyathanthera,1171
cyathanthera,1022
cyathanthera,1260
cyathanthera,817
cyathanthera,1320
cyathanthera,1271
cyathanthera,1234
cyathanthera,1058
cyathanthera,741
cyathanthera,1003
cyathanthera,990
cyathanthera,1194
cyathanthera,1186
cyathanthera,857
cyathanthera,1668
cyathanthera,1819
cyathanthera,874
dichrophylla,92
dichrophylla,49
dichrophylla,93
dichrophylla,223
dichrophylla,109
dichrophylla,64
dichrophylla,86
dichrophylla,153
dichrophylla,51
dichrophylla,287
dichrophylla,283
dichrophylla,87
dichrophylla,60
dichrophylla,823
dichrophylla,92
dichrophylla,50
dichrophylla,52
dichrophylla,51
dichrophylla,86
dichrophylla,158
dichrophylla,96
dichrophylla,80
dichrophylla,295
dichrophylla,103
dichrophylla,89
dichrophylla,131
dichrophylla,254
dichrophylla,83
dichrophylla,102
dichrophylla,129
dichrophylla,89
dichrophylla,351
dichrophylla,309
dichrophylla,1907
discolor,931
discolor,773
discolor,549
discolor,932
discolor,629
discolor,539
discolor,572
discolor,652
discolor,826
discolor,573
discolor,224
discolor,435
discolor,949
discolor,1858
discolor,725
discolor,591
discolor,445
discolor,650
discolor,612
discolor,735
discolor,543
discolor,585
discolor,587
discolor,197
discolor,214
discolor,782
discolor,576
discolor,865
discolor,906
discolor,562
discolor,1430
discolor,214
discolor,675
discolor,608
discolor,609
discolor,859
discolor,890
discolor,244
discolor,389
discolor,803
discolor,400
discolor,523
discolor,725
discolor,619
discolor,731
discolor,108
discolor,214
discolor,210
discolor,685
discolor,550
discolor,464
discolor,1002
discolor,591
discolor,284
discolor,538
discolor,425
discolor,831
discolor,328
discolor,955
discolor,383
discolor,538
discolor,527
discolor,824
discolor,583
discolor,651
discolor,428
discolor,647
discolor,899
discolor,216
discolor,731
discolor,268
discolor,506
discolor,669
discolor,573
discolor,693
discolor,597
discolor,522
discolor,460
discolor,1180
discolor,607
discolor,1058
discolor,380
discolor,574
discolor,695
discolor,752
discolor,1022
discolor,380
discolor,684
discolor,595
discolor,996
discolor,298
discolor,178
discolor,406
discolor,207
discolor,191
discolor,246
discolor,217
discolor,265
discolor,191
discolor,350
discolor,79
dispar,120
dispar,51
dispar,69
dispar,359
dispar,506
dispar,823
dispar,84
dispar,62
dispar,142
dispar,123
dispar,102
dispar,373
dispar,51
dispar,24
dispar,79
dispar,259
dispar,434
dispar,142
dispar,369
dispar,386
dispar,95
dispar,397
dispar,24
dispar,131
dispar,50
dispar,254
dispar,388
dispar,62
dispar,215
dispar,288
dispar,445
dispar,305
dispar,303
dispar,367
dispar,23
dispar,65
dispar,122
dispar,109
dispar,61
dispar,344
dispar,320
dispar,322
dispar,537
dispar,192
dispar,543
dispar,355
dispar,125
dispar,370
dispar,447
dispar,591
dispar,51
dispar,27
dispar,139
dispar,34
dispar,133
dispar,432
dispar,181
dispar,117
dispar,352
dispar,17
dispar,102
dispar,91
dispar,52
dispar,55
dispar,36
dispar,54
dispar,724
dispar,40
dispar,559
dispar,130
dispar,297
dispar,331
dispar,349
dispar,115
dispar,32
dispar,89
dispar,22
dispar,59
dispar,339
dispar,128
dispar,389
dispar,243
dispar,110
dispar,286
dispar,78
dispar,498
dispar,161
dispar,375
dispar,787
dispar,104
dispar,169
dispar,296
dispar,88
dispar,457
dispar,94
dispar,171
dispar,84
dispar,250
dispar,215
dispar,135
dispar,943
dispar,153
fallax,1092
fallax,1102
fallax,1054
fallax,745
fallax,79
fallax,829
fallax,584
fallax,924
fallax,526
fallax,845
fallax,587
fallax,287
fallax,367
fallax,332
fallax,1017
fallax,61
fallax,1287
fallax,59
fallax,76
fallax,824
fallax,1359
fallax,600
fallax,566
fallax,496
fallax,80
fallax,49
fallax,530
fallax,684
fallax,684
fallax,896
fallax,78
fallax,968
fallax,291
fallax,816
fallax,1059
fallax,712
fallax,843
fallax,655
fallax,1108
fallax,321
fallax,1023
fallax,228
fallax,1204
fallax,44
fallax,76
fallax,593
fallax,78
fallax,1178
fallax,300
fallax,395
fallax,535
fallax,667
fallax,396
fallax,1079
fallax,882
fallax,85
fallax,378
fallax,602
fallax,605
fallax,1219
fallax,957
fallax,456
fallax,257
fallax,827
fallax,554
fallax,792
fallax,570
fallax,1021
fallax,269
fallax,1283
fallax,210
fallax,1116
fallax,549
fallax,563
fallax,78
fallax,161
fallax,879
fallax,842
fallax,1002
fallax,1216
fallax,872
fallax,328
fallax,585
fallax,182
fallax,1186
fallax,1182
fallax,756
fallax,157
fallax,655
fallax,585
fallax,270
fallax,135
fallax,1040
fallax,732
fallax,781
fallax,1179
fallax,1060
fallax,730
fallax,64
fallax,1145
fallax,868
fallax,1137
fallax,578
fallax,621
fallax,859
fallax,1383
fallax,108
fallax,903
fallax,286
fallax,1100
fallax,842
fallax,955
fallax,834
fallax,520
fallax,752
fallax,621
fallax,140
fallax,1031
fallax,296
fallax,968
fallax,736
fallax,844
fallax,794
fallax,800
fallax,653
fallax,498
fallax,144
fallax,210
fallax,806
fallax,1161
fallax,778
fallax,725
fallax,679
fallax,86
fallax,705
fallax,417
fallax,1093
fallax,1049
fallax,1293
fallax,943
fallax,498
fallax,1063
fallax,459
fallax,37
fallax,69
fallax,810
fallax,118
fallax,293
fallax,85
fallax,369
fallax,1234
fallax,1281
fallax,845
fallax,864
fallax,1070
fallax,775
fallax,913
fallax,437
fallax,994
fallax,760
fallax,872
fallax,673
fallax,272
fallax,50
fallax,51
fallax,909
fallax,190
fallax,506
fallax,80
fallax,127
fallax,44
fallax,981
fallax,93
fallax,1075
fallax,243
fallax,321
fallax,37
fallax,483
fallax,472
fallax,447
fallax,384
fallax,385
fallax,403
fallax,389
fallax,359
fallax,670
fallax,676
fallax,654
fallax,1170
fallax,937
fallax,675
fallax,196
fallax,515
fallax,17
fallax,297
fallax,852
fallax,245
fallax,63
fallax,134
fallax,533
fallax,727
fallax,744
fallax,562
fallax,1216
fallax,493
fallax,1090
fallax,38
fallax,79
fallax,783
fallax,248
fallax,374
fasciculata,794
fasciculata,96
fasciculata,1047
fasciculata,806
fasciculata,1177
fasciculata,77
fasciculata,612
fasciculata,732
fasciculata,1331
fasciculata,206
fasciculata,807
fasciculata,762
fasciculata,1086
fasciculata,559
fasciculata,945
fasciculata,15
fasciculata,12
fasciculata,1793
fasciculata,10
fasciculata,797
fasciculata,768
fasciculata,22
fasciculata,101
fasciculata,883
fasciculata,53
fasciculata,23
fasciculata,756
fasciculata,716
fasciculata,69
fasciculata,65
fasciculata,765
fasciculata,8
fasciculata,27
fasciculata,1137
fasciculata,397
fasciculata,15
fasciculata,91
fasciculata,23
fasciculata,221
fasciculata,328
fasciculata,20
fasciculata,538
fasciculata,15
fasciculata,350
fasciculata,15
fasciculata,955
fasciculata,931
fasciculata,11
fasciculata,141
fasciculata,1437
fasciculata,257
fasciculata,43
fasciculata,482
fasciculata,731
fasciculata,217
fasciculata,774
fasciculata,269
fasciculata,7
fasciculata,665
fasciculata,66
fasciculata,838
fasciculata,687
fasciculata,636
fasciculata,522
fasciculata,574
fasciculata,813
fasciculata,13
fasciculata,20
fasciculata,15
fasciculata,1041
fasciculata,1371
fasciculata,16
fasciculata,799
fasciculata,583
fasciculata,592
fasciculata,42
fasciculata,283
fasciculata,59
fasciculata,11
fasciculata,673
fasciculata,577
fasciculata,1358
fasciculata,1001
fasciculata,502
fasciculata,504
fasciculata,130
fasciculata,490
fasciculata,690
fasciculata,752
fasciculata,17
fasciculata,11
fasciculata,297
fasciculata,1081
fasciculata,15
fasciculata,677
fasciculata,734
fasciculata,1106
fasciculata,1613
fasciculata,545
fasciculata,1538
fasciculata,1550
fasciculata,427
fasciculata,3
ferruginata,862
ferruginata,1003
ferruginata,1310
ferruginata,1079
ferruginata,558
ferruginata,852
ferruginata,389
ferruginata,488
ferruginata,1056
ferruginata,1165
ferruginata,839
ferruginata,843
ferruginata,617
ferruginata,906
ferruginata,173
ferruginata,735
ferruginata,1002
ferruginata,259
ferruginata,858
ferruginata,1059
ferruginata,1021
ferruginata,993
ferruginata,906
ferruginata,660
ferruginata,636
ferruginata,1260
ferruginata,140
ferruginata,330
ferruginata,1305
ferruginata,1106
ferruginata,863
ferruginata,953
ferruginata,1118
ferruginata,641
ferruginata,1029
ferruginata,533
ferruginata,652
ferruginata,1058
ferruginata,897
ferruginata,1283
ferruginata,1123
ferruginata,541
ferruginata,883
ferruginata,593
ferruginata,708
ferruginata,1015
ferruginata,909
ferruginata,872
ferruginata,559
ferruginata,155
ferruginata,37
ferruginata,279
ferruginata,344
ferruginata,642
ferruginata,1198
ferruginata,223
ferruginata,1111
ferruginata,727
ferruginata,1313
ferruginata,1128
ferruginata,38
ferruginata,993
ferruginata,141
ferruginata,67
ferruginata,1291
ferruginata,876
ferruginata,1462
ferruginata,413
ferruginata,886
ferruginata,824
ferruginata,823
ferruginata,1165
ferruginata,633
ferruginata,1161
ferruginata,857
ferruginata,975
ferruginata,973
ferruginata,937
ferruginata,1107
ferruginata,958
ferruginata,1126
ferruginata,747
ferruginata,1022
ferruginata,551
ferruginata,1108
ferruginata,912
ferruginata,46
ferruginata,1083
ferruginata,8
ferruginata,442
ferruginata,191
ferruginata,777
ferruginata,1147
ferruginata,956
ferruginata,1225
ferruginata,1104
ferruginata,544
ferruginata,1145
ferruginata,1003
ferruginata,920
ferruginata,588
ferruginata,646
ferruginata,332
ferruginata,1112
ferruginata,996
ferruginata,1049
ferruginata,838
ferruginata,75
ferruginata,1071
ferruginata,1037
ferruginata,365
ferruginata,1271
ferruginata,399
ferruginata,775
ferruginata,798
ferruginata,940
ferruginata,760
ferruginata,1071
ferruginata,1194
ferruginata,699
ferruginata,675
ferruginata,390
ferruginata,726
ferruginata,575
ferruginata,618
ferruginata,218
ferruginata,1064
ferruginata,1079
ferruginata,888
ferruginata,836
ferruginata,781
ferruginata,1000
ferruginata,1136
ferruginata,1220
ferruginata,945
ferruginata,1041
ferruginata,943
ferruginata,645
ferruginata,683
ferruginata,644
ferruginata,641
ferruginata,904
ferruginata,1430
ferruginata,1122
ferruginata,114
ferruginata,838
ferruginata,290
ferruginata,705
ferruginata,646
ferruginata,463
ferruginata,177
ferruginata,234
ferruginata,728
ferruginata,866
ferruginata,29
ferruginata,1058
ferruginata,853
ferruginata,889
ferruginata,741
ferruginata,182
ferruginata,898
ferruginata,824
ferruginata,1053
ferruginata,1161
ferruginata,28
ferruginata,1074
ferruginata,705
ferruginata,519
ferruginata,520
ferruginata,687
ferruginata,874
ferruginata,541
ferruginata,720
flammea,1505
flammea,63
flammea,1351
flammea,1216
flammea,133
flammea,664
flammea,14
flammea,945
flammea,1115
flammea,499
flammea,496
flammea,361
flammea,1793
flammea,1056
flammea,36
flammea,58
flammea,1261
flammea,1392
flammea,545
flammea,794
flammea,1139
flammea,531
flammea,1197
flammea,1214
flammea,871
flammea,141
flammea,1071
flammea,1194
flammea,373
flammea,1290
flammea,1049
flammea,633
flammea,499
flammea,57
flammea,202
flammea,618
flammea,451
flammea,1002
flammea,745
flammea,909
flammea,1343
flammea,844
flammea,806
flammea,18
flammea,15
flammea,886
flammea,1462
flammea,845
flammea,354
flammea,16
flammea,332
flammea,592
flammea,1089
flammea,1079
flammea,1417
flammea,1309
flammea,321
flammea,1478
flammea,1097
flammea,774
flammea,838
flammea,989
flammea,263
flammea,371
flammea,364
flammea,228
flammea,1128
flammea,228
flammea,380
flammea,512
flammea,315
flammea,831
flammea,838
flammea,1051
flammea,1349
flammea,1189
flammea,1095
flammea,1225
flammea,862
flammea,247
flammea,984
flammea,1106
flammea,804
flammea,555
flammea,794
flammea,1613
flammea,568
flammea,750
flammea,730
flammea,756
flammea,896
flammea,810
flammea,1175
flammea,618
flammea,983
flammea,72
flammea,780
flammea,1129
flammea,1177
flammea,1148
flammea,309
flammea,699
flammea,932
flammea,1147
flammea,1310
flammea,144
flammea,1371
flammea,480
flammea,737
flammea,727
flammea,763
flammea,857
flammea,852
flammea,1292
flammea,559
flammea,482
flammea,697
flammea,790
flammea,986
flammea,781
flammea,426
flammea,995
flammea,1147
flammea,670
flammea,840
flammea,1003
flammea,885
flammea,511
flammea,740
flammea,753
flammea,55
flammea,718
flammea,1257
flammea,1395
flammea,1137
flammea,900
flammea,1277
flammea,20
flammea,1213
flammea,609
flammea,623
flammea,592
flammea,966
flammea,1312
flammea,1126
flammea,1267
flammea,989
flammea,1383
flammea,69
flammea,1358
flammea,1235
flammea,1180
flammea,1109
flammea,1287
flammea,963
formosa,795
formosa,1793
formosa,1106
formosa,756
formosa,15
formosa,17
formosa,239
formosa,194
formosa,557
formosa,1371
formosa,327
formosa,84
formosa,57
formosa,493
formosa,636
formosa,604
formosa,1358
formosa,964
formosa,1185
formosa,690
formosa,1303
formosa,794
formosa,438
formosa,419
formosa,1177
formosa,487
formosa,50
formosa,458
formosa,956
formosa,756
formosa,660
formosa,755
formosa,5
formosa,48
formosa,782
formosa,57
formosa,945
formosa,21
formosa,143
formosa,791
formosa,161
formosa,913
formosa,937
formosa,905
formosa,17
formosa,774
formosa,874
formosa,772
formosa,34
formosa,858
formosa,749
formosa,24
formosa,526
formosa,745
formosa,752
formosa,214
formosa,903
formosa,188
formosa,41
formosa,90
formosa,79
formosa,935
formosa,604
formosa,17
formosa,765
formosa,5
formosa,774
formosa,20
formosa,973
formosa,282
formosa,547
formosa,673
formosa,5
formosa,124
formosa,20
formosa,1271
formosa,189
formosa,160
formosa,817
formosa,883
formosa,806
formosa,282
heliotropoides,134
heliotropoides,237
heliotropoides,393
heliotropoides,355
heliotropoides,541
heliotropoides,668
heliotropoides,177
heliotropoides,633
heliotropoides,326
heliotropoides,37
heliotropoides,210
heliotropoides,286
heliotropoides,714
heliotropoides,428
heliotropoides,223
heliotropoides,345
heliotropoides,608
heliotropoides,700
heliotropoides,564
heliotropoides,781
heliotropoides,332
heliotropoides,1205
heliotropoides,607
heliotropoides,184
heliotropoides,746
heliotropoides,232
heliotropoides,787
heliotropoides,224
heliotropoides,818
heliotropoides,707
heliotropoides,968
heliotropoides,847
heliotropoides,660
heliotropoides,570
heliotropoides,321
heliotropoides,617
heliotropoides,565
heliotropoides,360
heliotropoides,283
heliotropoides,108
heliotropoides,567
heliotropoides,434
heliotropoides,553
heliotropoides,172
heliotropoides,590
heliotropoides,994
heliotropoides,355
heliotropoides,93
heliotropoides,502
heliotropoides,605
heliotropoides,835
heliotropoides,223
heliotropoides,243
heliotropoides,252
heliotropoides,453
heliotropoides,136
heliotropoides,418
heliotropoides,222
heliotropoides,511
heliotropoides,433
heliotropoides,639
heliotropoides,454
hyemalis,1480
hyemalis,1724
hyemalis,894
hyemalis,1599
hyemalis,1008
hyemalis,726
hyemalis,690
hyemalis,950
hyemalis,1064
hyemalis,680
hyemalis,275
hyemalis,914
hyemalis,1056
hyemalis,721
hyemalis,946
hyemalis,907
hyemalis,794
hyemalis,900
hyemalis,1058
hyemalis,1130
hyemalis,150
hyemalis,43
hyemalis,1044
hyemalis,544
hyemalis,923
hyemalis,1358
hyemalis,933
hyemalis,174
hyemalis,808
hyemalis,745
hyemalis,716
hyemalis,889
hyemalis,1012
hyemalis,994
hyemalis,961
hyemalis,9
hyemalis,885
hyemalis,950
hyemalis,888
hyemalis,9
hyemalis,908
hyemalis,656
hyemalis,875
hyemalis,20
hyemalis,782
hyemalis,371
hyemalis,917
hyemalis,692
hyemalis,833
hyemalis,65
hyemalis,707
hyemalis,969
hyemalis,915
hyemalis,756
hyemalis,864
hyemalis,214
hyemalis,914
hyemalis,934
hyemalis,982
hyemalis,817
hyemalis,1124
hyemalis,960
hyemalis,769
hyemalis,1046
hyemalis,1022
hyemalis,867
hyemalis,921
hyemalis,1123
hyemalis,932
hyemalis,1032
hyemalis,996
hyemalis,916
hyemalis,913
hyemalis,864
hyemalis,858
hyemalis,765
hyemalis,1181
hyemalis,7
hyemalis,192
hyemalis,883
hyemalis,929
hyemalis,934
hyemalis,1005
hyemalis,108
hyemalis,867
hyemalis,936
hyemalis,807
hyemalis,771
hyemalis,939
hyemalis,901
hyemalis,868
hyemalis,1005
hyemalis,796
hyemalis,1603
hyemalis,1656
hyemalis,158
hyemalis,700
hyemalis,1239
hyemalis,779
hyemalis,923
hyemalis,70
hyemalis,1037
hyemalis,890
hyemalis,749
hyemalis,830
hyemalis,774
hyemalis,962
hyemalis,1118
hyemalis,748
hyemalis,14
hyemalis,1133
hyemalis,907
hyemalis,668
hyemalis,1526
hyemalis,806
hyemalis,19
hyemalis,22
hyemalis,642
hyemalis,1819
hyemalis,608
hyemalis,815
hyemalis,37
hyemalis,373
hyemalis,915
hyemalis,41
hyemalis,821
hyemalis,921
hyemalis,640
hypoleuca,193
hypoleuca,103
hypoleuca,134
hypoleuca,76
hypoleuca,199
hypoleuca,419
hypoleuca,383
hypoleuca,38
hypoleuca,37
hypoleuca,267
hypoleuca,41
hypoleuca,134
hypoleuca,57
hypoleuca,137
hypoleuca,91
hypoleuca,144
hypoleuca,297
hypoleuca,339
hypoleuca,100
hypoleuca,657
hypoleuca,100
hypoleuca,414
hypoleuca,20
hypoleuca,128
hypoleuca,1352
hypoleuca,106
hypoleuca,260
hypoleuca,139
hypoleuca,153
hypoleuca,109
hypoleuca,18
hypoleuca,153
hypoleuca,87
hypoleuca,22
hypoleuca,71
hypoleuca,55
hypoleuca,62
hypoleuca,118
hypoleuca,92
hypoleuca,73
hypoleuca,153
hypoleuca,100
hypoleuca,138
hypoleuca,63
hypoleuca,109
hypoleuca,443
hypoleuca,41
hypoleuca,96
hypoleuca,104
hypoleuca,34
hypoleuca,327
hypoleuca,664
hypoleuca,35
hypoleuca,559
hypoleuca,759
hypoleuca,29
hypoleuca,826
hypoleuca,18
hypoleuca,281
hypoleuca,8
hypoleuca,289
hypoleuca,61
hypoleuca,89
hypoleuca,209
hypoleuca,7
hypoleuca,38
hypoleuca,100
hypoleuca,43
hypoleuca,176
hypoleuca,82
hypoleuca,687
hypoleuca,165
hypoleuca,145
hypoleuca,827
hypoleuca,37
hypoleuca,40
hypoleuca,48
hypoleuca,79
hypoleuca,482
hypoleuca,316
hypoleuca,106
hypoleuca,192
hypoleuca,8
hypoleuca,588
hypoleuca,299
hypoleuca,87
hypoleuca,70
hypoleuca,355
hypoleuca,297
hypoleuca,97
hypoleuca,169
hypoleuca,142
hypoleuca,43
hypoleuca,199
hypoleuca,173
hypoleuca,410
hypoleuca,129
hypoleuca,655
hypoleuca,663
hypoleuca,709
hypoleuca,604
hypoleuca,45
hypoleuca,232
hypoleuca,132
hypoleuca,58
hypoleuca,55
hypoleuca,21
hypoleuca,104
hypoleuca,32
hypoleuca,83
hypoleuca,80
hypoleuca,319
hypoleuca,505
hypoleuca,109
hypoleuca,146
hypoleuca,31
hypoleuca,131
hypoleuca,675
hypoleuca,251
hypoleuca,163
hypoleuca,379
hypoleuca,788
hypoleuca,112
hypoleuca,61
hypoleuca,18
hypoleuca,29
hypoleuca,293
hypoleuca,49
hypoleuca,85
hypoleuca,505
hypoleuca,507
hypoleuca,110
hypoleuca,56
hypoleuca,38
hypoleuca,441
hypoleuca,23
hypoleuca,433
hypoleuca,122
hypoleuca,188
hypoleuca,266
hypoleuca,269
hypoleuca,43
hypoleuca,34
hypoleuca,90
hypoleuca,64
hypoleuca,45
hypoleuca,80
hypoleuca,368
hypoleuca,141
hypoleuca,85
hypoleuca,107
hypoleuca,499
lepidota,871
lepidota,195
lepidota,42
lepidota,473
lepidota,50
lepidota,16
lepidota,251
lepidota,60
lepidota,1793
lepidota,15
lepidota,505
lepidota,616
lepidota,543
lepidota,292
lepidota,551
lepidota,706
lepidota,18
lepidota,14
lepidota,277
lepidota,32
lepidota,162
lepidota,105
lepidota,54
lepidota,51
lepidota,192
lepidota,213
lepidota,59
lepidota,107
lepidota,37
lepidota,1123
lepidota,832
lepidota,604
lepidota,47
lepidota,816
lepidota,1253
lepidota,1613
lepidota,32
lepidota,276
lepidota,295
lepidota,490
lepidota,58
lepidota,1350
lepidota,667
lepidota,31
lepidota,107
lepidota,444
lepidota,286
lepidota,4
lepidota,29
lepidota,21
lepidota,14
lepidota,371
lepidota,652
lepidota,961
lepidota,92
lepidota,545
lepidota,1292
lepidota,503
lepidota,625
lepidota,274
lepidota,57
lepidota,683
lepidota,250
lepidota,45
lepidota,104
lepidota,284
lepidota,22
lepidota,29
lepidota,263
lepidota,388
lepidota,634
lepidota,71
lepidota,740
lepidota,636
lepidota,826
lepidota,99
lepidota,1358
lepidota,487
lepidota,94
lepidota,20
lepidota,609
lepidota,879
lepidota,104
lepidota,27
lepidota,331
lepidota,1115
lepidota,123
lepidota,458
lepidota,107
lepidota,482
lepidota,20
lepidota,169
lepidota,647
lepidota,251
lepidota,92
lepidota,60
lepidota,432
lepidota,187
lepidota,702
lepidota,99
lepidota,104
lepidota,83
lepidota,844
lepidota,57
lepidota,102
lepidota,50
lepidota,47
lepidota,748
lepidota,40
lepidota,17
lepidota,144
lepidota,22
lepidota,837
lepidota,45
lepidota,69
lepidota,66
lepidota,314
lepidota,365
lepidota,98
lepidota,78
lepidota,70
lepidota,34
lepidota,19
lepidota,28
lepidota,838
lepidota,330
lepidota,29
lepidota,550
lepidota,761
lepidota,68
lepidota,105
lepidota,558
lepidota,24
lepidota,67
lepidota,102
lepidota,23
lepidota,154
lepidota,693
lepidota,389
lepidota,549
lepidota,1120
lepidota,92
lepidota,69
lepidota,1701
lepidota,63
lepidota,700
lepidota,794
lepidota,161
lepidota,86
lepidota,47
lepidota,623
lepidota,53
lepidota,41
lepidota,44
lepidota,276
lepidota,41
longispicata,64
longispicata,152
longispicata,98
longispicata,104
longispicata,315
longispicata,94
longispicata,50
longispicata,83
longispicata,386
longispicata,277
longispicata,411
longispicata,163
longispicata,40
longispicata,168
longispicata,107
longispicata,45
longispicata,229
longispicata,196
longispicata,88
longispicata,118
longispicata,96
longispicata,252
longispicata,45
longispicata,90
longispicata,24
longispicata,14
longispicata,361
longispicata,62
longispicata,32
longispicata,104
longispicata,260
longispicata,116
longispicata,23
longispicata,38
longispicata,187
longispicata,229
longispicata,117
longispicata,93
longispicata,118
longispicata,89
longispicata,788
longispicata,67
longispicata,48
longispicata,724
longispicata,236
longispicata,57
longispicata,231
longispicata,86
longispicata,27
longispicata,82
longispicata,396
longispicata,527
longispicata,89
longispicata,44
longispicata,62
longispicata,82
longispicata,93
longispicata,151
longispicata,6
longispicata,43
longispicata,62
lourteigiana,139
lourteigiana,95
lourteigiana,3926
lourteigiana,138
lourteigiana,93
lourteigiana,153
lourteigiana,200
lourteigiana,117
lourteigiana,180
lourteigiana,105
lourteigiana,150
lourteigiana,147
lourteigiana,553
lourteigiana,192
lourteigiana,334
lourteigiana,523
lourteigiana,2482
lourteigiana,1090
lourteigiana,1408
lourteigiana,295
lourteigiana,85
lourteigiana,541
lourteigiana,760
lourteigiana,2815
lymanii,794
lymanii,397
lymanii,623
lymanii,786
lymanii,1392
lymanii,905
lymanii,1279
lymanii,502
lymanii,752
lymanii,1409
lymanii,1174
lymanii,716
lymanii,912
lymanii,779
lymanii,892
lymanii,9
lymanii,783
lymanii,806
lymanii,891
lymanii,633
lymanii,771
lymanii,656
lymanii,1529
lymanii,1567
lymanii,302
lymanii,1022
lymanii,1012
lymanii,749
lymanii,1603
lymanii,1656
lymanii,1271
lymanii,498
lymanii,1721
lymanii,526
lymanii,1088
lymanii,1005
lymanii,1005
lymanii,805
lymanii,741
lymanii,1526
lymanii,1023
macrothyrsa,831
macrothyrsa,830
macrothyrsa,886
macrothyrsa,746
macrothyrsa,1319
macrothyrsa,806
macrothyrsa,800
macrothyrsa,514
macrothyrsa,144
macrothyrsa,79
macrothyrsa,92
macrothyrsa,620
macrothyrsa,1136
macrothyrsa,788
macrothyrsa,443
macrothyrsa,805
macrothyrsa,987
macrothyrsa,653
macrothyrsa,177
macrothyrsa,95
macrothyrsa,862
macrothyrsa,1037
macrothyrsa,848
macrothyrsa,228
macrothyrsa,994
macrothyrsa,280
macrothyrsa,709
macrothyrsa,275
macrothyrsa,1123
macrothyrsa,825
macrothyrsa,321
macrothyrsa,1126
macrothyrsa,689
macrothyrsa,275
macrothyrsa,264
macrothyrsa,1195
macrothyrsa,1194
macrothyrsa,920
macrothyrsa,1196
macrothyrsa,533
macrothyrsa,180
macrothyrsa,32
macrothyrsa,47
macrothyrsa,810
macrothyrsa,1045
macrothyrsa,931
macrothyrsa,971
macrothyrsa,155
macrothyrsa,655
macrothyrsa,807
macrothyrsa,492
macrothyrsa,717
macrothyrsa,443
macrothyrsa,174
macrothyrsa,1069
macrothyrsa,848
macrothyrsa,698
macrothyrsa,236
macrothyrsa,911
macrothyrsa,964
macrothyrsa,1180
macrothyrsa,844
macrothyrsa,686
macrothyrsa,995
macrothyrsa,719
macrothyrsa,633
macrothyrsa,328
macrothyrsa,855
macrothyrsa,858
macrothyrsa,1171
macrothyrsa,817
macrothyrsa,937
macrothyrsa,727
macrothyrsa,690
macrothyrsa,933
macrothyrsa,1258
macrothyrsa,1022
macrothyrsa,563
macrothyrsa,680
macrothyrsa,854
macrothyrsa,781
macrothyrsa,777
macrothyrsa,1173
macrothyrsa,116
macrothyrsa,788
macrothyrsa,78
macrothyrsa,512
macrothyrsa,755
macrothyrsa,1100
macrothyrsa,189
macrothyrsa,1041
macrothyrsa,19
macrothyrsa,175
macrothyrsa,497
macrothyrsa,225
macrothyrsa,372
macrothyrsa,821
macrothyrsa,846
macrothyrsa,576
macrothyrsa,844
macrothyrsa,792
macrothyrsa,909
macrothyrsa,337
macrothyrsa,1051
macrothyrsa,374
macrothyrsa,18
macrothyrsa,17
macrothyrsa,751
macrothyrsa,217
macrothyrsa,135
macrothyrsa,1227
macrothyrsa,570
macrothyrsa,736
macrothyrsa,962
macrothyrsa,889
macrothyrsa,785
macrothyrsa,761
macrothyrsa,915
macrothyrsa,852
macrothyrsa,835
macrothyrsa,776
macrothyrsa,794
macrothyrsa,717
macrothyrsa,722
macrothyrsa,227
macrothyrsa,275
macrothyrsa,48
macrothyrsa,474
macrothyrsa,790
macrothyrsa,984
macrothyrsa,26
macrothyrsa,906
macrothyrsa,864
macrothyrsa,829
macrothyrsa,827
macrothyrsa,783
macrothyrsa,974
macrothyrsa,988
macrothyrsa,193
macrothyrsa,1034
macrothyrsa,864
macrothyrsa,199
macrothyrsa,423
macrothyrsa,343
macrothyrsa,541
macrothyrsa,414
macrothyrsa,380
macrothyrsa,511
macrothyrsa,879
macrothyrsa,989
macrothyrsa,1056
macrothyrsa,164
macrothyrsa,533
macrothyrsa,113
macrothyrsa,1122
macrothyrsa,617
macrothyrsa,581
macrothyrsa,639
macrothyrsa,342
macrothyrsa,358
macrothyrsa,803
macrothyrsa,1062
macrothyrsa,47
macrothyrsa,319
macrothyrsa,711
macuxi,448
macuxi,44
macuxi,78
macuxi,46
macuxi,49
macuxi,685
macuxi,461
macuxi,54
macuxi,51
macuxi,88
macuxi,87
macuxi,75
macuxi,57
macuxi,22
macuxi,127
macuxi,41
macuxi,40
macuxi,50
mayarae,99
mayarae,129
mayarae,172
mayarae,296
mayarae,118
mayarae,83
mayarae,63
mayarae,79
mayarae,263
mayarae,117
mayarae,122
mayarae,49
mayarae,325
mayarae,930
mayarae,60
mayarae,32
mayarae,107
mayarae,229
mayarae,109
mayarae,121
mayarae,109
mayarae,797
mayarae,190
mayarae,134
mayarae,135
mayarae,918
mayarae,123
mayarae,95
mayarae,28
mayarae,26
mayarae,258
mayarae,54
mayarae,407
mayarae,292
mayarae,562
mellina,691
mellina,818
mellina,690
mellina,1189
mellina,1205
mellina,1285
multispicata,89
multispicata,251
multispicata,184
multispicata,12
multispicata,313
multispicata,45
multispicata,276
multispicata,594
multispicata,336
multispicata,93
multispicata,139
multispicata,170
multispicata,191
multispicata,126
multispicata,811
multispicata,325
multispicata,484
multispicata,487
multispicata,1209
multispicata,213
multispicata,280
multispicata,1135
multispicata,939
multispicata,743
multispicata,724
multispicata,303
multispicata,1223
multispicata,44
multispicata,22
multispicata,931
multispicata,1221
multispicata,321
multispicata,1383
multispicata,942
multispicata,81
navioensis,60
navioensis,133
navioensis,19
navioensis,72
navioensis,43
navioensis,258
navioensis,260
navioensis,118
navioensis,96
navioensis,42
navioensis,159
navioensis,81
navioensis,76
navioensis,115
navioensis,36
navioensis,41
navioensis,36
navioensis,135
navioensis,20
navioensis,18
navioensis,207
navioensis,134
navioensis,52
navioensis,56
navioensis,136
navioensis,127
navioensis,45
navioensis,27
navioensis,113
octopetala,605
octopetala,182
octopetala,125
octopetala,96
octopetala,1371
octopetala,1137
octopetala,973
octopetala,584
octopetala,769
octopetala,802
octopetala,652
octopetala,200
octopetala,27
octopetala,542
octopetala,838
octopetala,112
octopetala,1328
octopetala,370
octopetala,47
octopetala,88
pepericarpa,1064
pepericarpa,1395
pepericarpa,1229
pepericarpa,781
pepericarpa,750
pepericarpa,332
pepericarpa,902
pepericarpa,727
pepericarpa,360
pepericarpa,1202
pepericarpa,1439
pepericarpa,1076
pepericarpa,1064
pepericarpa,1462
pepericarpa,1377
pepericarpa,864
pepericarpa,887
pepericarpa,631
pepericarpa,1148
pepericarpa,782
pepericarpa,1071
pepericarpa,1037
pepericarpa,1220
pepericarpa,748
pepericarpa,1190
pepericarpa,1196
pepericarpa,968
pepericarpa,1100
pepericarpa,1201
pepericarpa,1051
pepericarpa,805
pepericarpa,843
pepericarpa,765
pepericarpa,858
pepericarpa,623
pepericarpa,909
pepericarpa,1008
pepericarpa,871
pepericarpa,1102
pepericarpa,1280
pepericarpa,1011
pepericarpa,1022
pepericarpa,1351
pepericarpa,1239
pepericarpa,969
pepericarpa,1515
pepericarpa,650
pepericarpa,1300
pepericarpa,1104
pepericarpa,1109
pepericarpa,867
pepericarpa,678
pepericarpa,649
pepericarpa,820
pepericarpa,1234
pepericarpa,1260
pepericarpa,1137
pepericarpa,845
pepericarpa,889
pepericarpa,1112
pepericarpa,837
pepericarpa,885
pepericarpa,909
pepericarpa,1035
pepericarpa,835
pepericarpa,900
pepericarpa,1071
pepericarpa,1205
pepericarpa,772
pepericarpa,940
pepericarpa,1168
pepericarpa,1108
pepericarpa,889
pepericarpa,1126
pepericarpa,855
pepericarpa,1478
pepericarpa,1209
pepericarpa,1122
pepericarpa,1389
pepericarpa,986
pepericarpa,1033
pepericarpa,744
pepericarpa,984
pepericarpa,1003
pepericarpa,901
pepericarpa,675
pepericarpa,945
pepericarpa,1391
pepericarpa,1022
pepericarpa,1406
pepericarpa,1115
pepericarpa,1216
pepericarpa,831
pepericarpa,1305
pepericarpa,1421
pepericarpa,1055
pepericarpa,1263
pepericarpa,711
pepericarpa,985
pepericarpa,1112
pepericarpa,862
pepericarpa,893
pepericarpa,1041
pepericarpa,926
pepericarpa,393
pepericarpa,879
pepericarpa,877
pepericarpa,702
pepericarpa,1045
pepericarpa,576
pepericarpa,721
pepericarpa,1271
pepericarpa,1101
pepericarpa,1079
pepericarpa,645
pepericarpa,1266
pepericarpa,1101
petroniana,1793
petroniana,1529
petroniana,623
petroniana,1858
petroniana,1002
petroniana,675
petroniana,1152
petroniana,1998
petroniana,249
petroniana,863
petroniana,828
petroniana,1065
polyandra,915
polyandra,718
polyandra,112
polyandra,730
polyandra,392
polyandra,581
polyandra,628
polyandra,905
polyandra,804
polyandra,795
polyandra,804
polyandra,163
polyandra,1793
polyandra,221
polyandra,783
polyandra,806
polyandra,711
polyandra,63
polyandra,802
polyandra,584
polyandra,838
polyandra,1371
polyandra,636
polyandra,1203
polyandra,1172
polyandra,763
polyandra,1136
polyandra,64
polyandra,962
polyandra,951
polyandra,851
polyandra,763
polyandra,1175
pterocaulon,612
pterocaulon,239
pterocaulon,689
pterocaulon,711
pterocaulon,214
pterocaulon,207
pterocaulon,213
pterocaulon,192
pterocaulon,611
pterocaulon,950
pterocaulon,1074
pterocaulon,88
pterocaulon,190
pterocaulon,201
pterocaulon,235
pterocaulon,793
pterocaulon,230
pterocaulon,453
pterocaulon,2243
pterocaulon,139
pterocaulon,240
pterocaulon,163
punctata,332
punctata,257
punctata,109
punctata,89
punctata,124
punctata,120
punctata,38
punctata,47
punctata,52
punctata,58
punctata,77
punctata,285
punctata,473
punctata,424
punctata,31
punctata,313
punctata,76
punctata,1283
punctata,207
punctata,210
punctata,178
punctata,86
punctata,321
punctata,70
punctata,51
punctata,195
punctata,78
punctata,267
punctata,58
punctata,374
punctata,85
punctata,286
punctata,106
punctata,65
punctata,45
punctata,73
punctata,36
punctata,113
punctata,8
punctata,117
punctata,1270
punctata,1115
punctata,103
punctata,490
punctata,83
punctata,400
punctata,724
punctata,60
punctata,340
punctata,216
punctata,439
punctata,102
punctata,61
punctata,102
punctata,417
punctata,17
punctata,20
punctata,237
punctata,83
punctata,83
punctata,30
punctata,1471
punctata,110
punctata,373
punctata,842
punctata,85
punctata,316
punctata,551
punctata,846
punctata,1261
punctata,117
punctata,124
punctata,302
punctata,498
punctata,884
punctata,1023
punctata,153
punctata,1077
punctata,23
punctata,27
punctata,192
punctata,49
punctata,1701
punctata,51
punctata,487
punctata,854
punctata,2431
punctata,253
punctata,107
punctata,2430
punctata,102
punctata,109
punctata,656
punctata,588
punctata,516
punctata,290
punctata,981
punctata,295
punctata,562
punctata,50
punctata,62
punctata,116
punctata,50
punctata,258
punctata,135
punctata,180
punctata,141
punctata,282
punctata,1851
punctata,184
punctata,55
punctata,257
punctata,160
punctata,123
punctata,44
punctata,1210
punctata,83
punctata,110
punctata,82
punctata,115
punctata,341
punctata,332
punctata,2331
punctata,1910
punctata,154
punctata,1278
punctata,641
punctata,1329
punctata,1521
punctata,1668
punctata,123
punctata,1984
punctata,102
punctata,191
punctata,2825
punctata,1567
racemifera,1004
racemifera,759
racemifera,793
racemifera,732
racemifera,1373
racemifera,1090
racemifera,1011
racemifera,935
racemifera,940
racemifera,1858
racemifera,638
racemifera,677
racemifera,932
racemifera,397
racemifera,863
racemifera,782
racemifera,823
racemifera,1161
racemifera,144
racemifera,762
racemifera,794
racemifera,923
racemifera,747
racemifera,763
racemifera,774
racemifera,612
racemifera,868
racemifera,742
racemifera,660
racemifera,1070
racemifera,840
racemifera,874
racemifera,1155
racemifera,421
racemifera,710
racemifera,827
racemifera,494
racemifera,1165
robusta,1189
robusta,762
robusta,1292
robusta,756
robusta,1331
robusta,1093
robusta,1163
robusta,757
rondoniensis,315
rondoniensis,121
rondoniensis,99
rondoniensis,109
rondoniensis,453
rondoniensis,65
rondoniensis,142
rondoniensis,254
rondoniensis,73
rondoniensis,181
rondoniensis,252
rufescens,26
rufescens,102
rufescens,32
rufescens,506
rufescens,118
rufescens,138
rufescens,16
rufescens,37
rufescens,1731
rufescens,984
rufescens,182
rufescens,17
rufescens,342
rufescens,25
rufescens,68
rufescens,44
rufescens,290
rufescens,401
rufescens,154
rufescens,39
rufescens,862
rufescens,78
rufescens,579
rufescens,71
rufescens,92
rufescens,898
rufescens,101
rufescens,56
rufescens,1186
rufescens,1676
rufescens,75
rufescens,111
rufescens,47
rufescens,60
rufescens,293
rufescens,448
rufescens,199
rufescens,65
rufescens,35
rufescens,176
rufescens,161
rufescens,72
rufescens,848
rufescens,179
rufescens,208
rufescens,370
rufescens,566
rufescens,1311
rufescens,1152
rufescens,82
rufescens,43
rufescens,267
rufescens,318
rufescens,1010
rufescens,7
rufescens,113
rufescens,130
rufescens,295
rufescens,347
rufescens,41
rufescens,1067
rufescens,1521
rufescens,85
rufescens,84
rufescens,355
rufescens,334
rufescens,8
rufescens,300
rufescens,19
rufescens,842
rufescens,173
rufescens,13
rufescens,773
rufescens,78
rufescens,17
rufescens,81
rufescens,71
rufescens,473
rufescens,63
rufescens,76
rufescens,48
rufescens,144
rufescens,234
rufescens,204
rufescens,98
rufescens,79
rufescens,79
rufescens,547
rufescens,314
rufescens,392
rufescens,1120
rufescens,32
rufescens,11
rufescens,79
rufescens,176
rufescens,1219
rufescens,3321
rufescens,1537
rufescens,128
ruficalyx,370
ruficalyx,46
ruficalyx,192
ruficalyx,907
ruficalyx,121
ruficalyx,39
ruficalyx,51
ruficalyx,209
ruficalyx,45
ruficalyx,88
ruficalyx,79
ruficalyx,505
ruficalyx,21
ruficalyx,295
ruficalyx,353
ruficalyx,990
ruficalyx,175
ruficalyx,60
ruficalyx,53
ruficalyx,231
ruficalyx,265
ruficalyx,10
ruficalyx,270
ruficalyx,218
ruficalyx,512
ruficalyx,315
ruficalyx,118
ruficalyx,946
ruficalyx,375
ruficalyx,254
ruficalyx,223
ruficalyx,1003
ruficalyx,64
ruficalyx,538
ruficalyx,44
ruficalyx,200
ruficalyx,65
ruficalyx,181
ruficalyx,130
ruficalyx,39
ruficalyx,9
ruficalyx,158
ruficalyx,67
ruficalyx,605
ruficalyx,67
ruficalyx,46
ruficalyx,162
ruficalyx,157
ruficalyx,56
ruficalyx,72
ruficalyx,22
ruficalyx,77
ruficalyx,77
ruficalyx,178
ruficalyx,57
ruficalyx,647
ruficalyx,210
ruficalyx,15
ruficalyx,534
ruficalyx,56
ruficalyx,137
ruficalyx,50
ruschiana,77
ruschiana,411
ruschiana,588
ruschiana,440
ruschiana,601
ruschiana,756
ruschiana,636
ruschiana,189
ruschiana,559
sclerophylla,1339
sclerophylla,1266
sclerophylla,816
sclerophylla,1059
sclerophylla,1175
sclerophylla,1135
sclerophylla,987
sclerophylla,1012
sclerophylla,442
sclerophylla,932
sclerophylla,910
sclerophylla,840
sclerophylla,973
sclerophylla,1159
sclerophylla,1117
sclerophylla,1565
sclerophylla,1373
sclerophylla,482
sclerophylla,1086
sclerophylla,913
sclerophylla,566
sclerophylla,855
sclerophylla,683
sclerophylla,1116
sclerophylla,1373
sclerophylla,1196
sclerophylla,1196
sclerophylla,1176
sclerophylla,1220
sclerophylla,1179
sclerophylla,1153
sclerophylla,1033
sclerophylla,1104
sclerophylla,1056
sclerophylla,1070
sclerophylla,937
sclerophylla,1314
sclerophylla,1022
sclerophylla,1192
sclerophylla,1437
sclerophylla,1234
sclerophylla,966
sclerophylla,1035
sclerophylla,1421
sclerophylla,699
sclerophylla,845
sclerophylla,1054
sclerophylla,1287
sclerophylla,1165
secundiflora,61
secundiflora,128
secundiflora,121
secundiflora,21
secundiflora,16
secundiflora,60
secundiflora,49
secundiflora,35
secundiflora,45
secundiflora,37
secundiflora,33
secundiflora,19
serialis,154
serialis,23
serialis,64
serialis,31
serialis,140
serialis,24
serialis,21
serialis,39
serialis,292
serialis,10
serialis,154
serialis,290
serialis,78
serialis,437
serialis,21
serialis,46
serialis,7
serialis,42
serialis,104
serialis,209
serialis,66
serialis,338
serialis,155
serialis,206
serialis,268
serialis,24
serialis,44
serialis,225
serialis,55
serialis,60
serialis,117
serialis,106
serialis,50
serialis,618
serialis,63
serialis,121
serialis,135
serialis,82
serialis,167
serialis,29
serialis,98
serialis,107
serialis,185
serialis,22
serialis,92
serialis,37
serialis,71
serialis,46
serialis,98
serialis,60
serialis,225
serialis,320
serialis,183
serialis,274
serialis,217
serialis,253
serialis,32
serialis,17
serialis,149
setosociliata,803
setosociliata,1098
setosociliata,1793
setosociliata,690
setosociliata,1177
setosociliata,1331
setosociliata,179
setosociliata,1550
setosociliata,1011
setosociliata,756
setosociliata,636
setosociliata,951
setosociliata,1419
shepherdii,2148
shepherdii,1613
shepherdii,1133
shepherdii,2196
shepherdii,458
shepherdii,1490
shepherdii,1409
shepherdii,1343
shepherdii,1328
shepherdii,620
shepherdii,1416
shepherdii,1139
shepherdii,1347
shepherdii,1384
shepherdii,1081
shepherdii,1117
shepherdii,1603
stenostachya,201
stenostachya,95
stenostachya,996
stenostachya,1135
stenostachya,1102
stenostachya,638
stenostachya,792
stenostachya,886
stenostachya,46
stenostachya,697
stenostachya,710
stenostachya,357
stenostachya,765
stenostachya,944
stenostachya,981
stenostachya,1159
stenostachya,809
stenostachya,950
stenostachya,6
stenostachya,513
stenostachya,216
stenostachya,138
stenostachya,766
stenostachya,2082
stenostachya,1152
stenostachya,151
stenostachya,943
stenostachya,823
stenostachya,691
stenostachya,329
stenostachya,72
stenostachya,347
stenostachya,858
stenostachya,770
stenostachya,96
stenostachya,700
stenostachya,493
stenostachya,752
stenostachya,285
stenostachya,64
stenostachya,51
stenostachya,393
stenostachya,60
stenostachya,490
stenostachya,277
stenostachya,226
stenostachya,293
stenostachya,734
stenostachya,335
stenostachya,968
stenostachya,764
stenostachya,1278
stenostachya,1171
stenostachya,364
stenostachya,291
stenostachya,788
stenostachya,641
stenostachya,864
stenostachya,543
stenostachya,614
stenostachya,909
stenostachya,840
stenostachya,269
stenostachya,867
stenostachya,336
stenostachya,793
stenostachya,893
stenostachya,526
stenostachya,16
stenostachya,292
stenostachya,335
stenostachya,47
stenostachya,140
stenostachya,311
stenostachya,857
stenostachya,621
stenostachya,726
stenostachya,2030
stenostachya,1253
stenostachya,520
stenostachya,581
stenostachya,570
stenostachya,669
stenostachya,133
stenostachya,195
stenostachya,368
stenostachya,290
stenostachya,622
stenostachya,1098
stenostachya,57
stenostachya,181
stenostachya,105
stenostachya,541
stenostachya,72
stenostachya,90
stenostachya,77
stenostachya,850
stenostachya,1045
stenostachya,751
stenostachya,773
stenostachya,535
stenostachya,268
stenostachya,264
stenostachya,713
stenostachya,1096
stenostachya,245
stenostachya,32
stenostachya,660
stenostachya,637
stenostachya,321
stenostachya,365
stenostachya,63
stenostachya,352
stenostachya,383
stenostachya,1008
stenostachya,275
stenostachya,125
stenostachya,1245
stenostachya,311
stenostachya,730
stenostachya,720
stenostachya,929
stenostachya,718
stenostachya,396
stenostachya,312
stenostachya,987
stenostachya,55
stenostachya,595
stenostachya,61
stenostachya,750
stenostachya,644
stenostachya,402
stenostachya,747
stenostachya,875
stenostachya,443
stenostachya,779
stenostachya,602
stenostachya,210
stenostachya,60
stenostachya,845
stenostachya,624
stenostachya,932
stenostachya,957
stenostachya,10
stenostachya,209
stenostachya,580
stenostachya,737
stenostachya,817
stenostachya,260
stenostachya,38
stenostachya,663
stenostachya,582
stenostachya,173
stenostachya,401
stenostachya,495
stenostachya,6
stenostachya,585
stenostachya,287
stenostachya,339
stenostachya,1176
stenostachya,414
stenostachya,792
stenostachya,277
stenostachya,684
stenostachya,968
stenostachya,345
stenostachya,700
stenostachya,10
stenostachya,656
stenostachya,1195
stenostachya,384
stenostachya,357
stenostachya,524
stenostachya,473
stenostachya,362
stenostachya,206
stenostachya,809
stenostachya,976
stenostachya,864
stenostachya,860
stenostachya,253
stenostachya,655
stenostachya,1536
stenostachya,234
stenostachya,597
stenostachya,738
stenostachya,782
stenostachya,745
stenostachya,770
stenostachya,161
stenostachya,99
stenostachya,85
stenostachya,95
stenostachya,685
stenostachya,288
stenostachya,327
stenostachya,496
stenostachya,782
stenostachya,1051
stenostachya,968
stenostachya,328
stenostachya,741
stenostachya,898
stenostachya,132
stenostachya,179
stenostachya,71
stenostachya,339
stenostachya,675
stenostachya,14
stenostachya,954
stenostachya,352
stenostachya,213
stenostachya,207
stenostachya,1311
stenostachya,278
stenostachya,985
stenostachya,719
stenostachya,1021
stenostachya,587
stenostachya,1020
stenostachya,760
stenostachya,530
stenostachya,872
stenostachya,744
stenostachya,171
stenostachya,1010
stenostachya,315
stenostachya,966
stenostachya,161
stenostachya,733
stenostachya,817
stenostachya,24
stenostachya,134
stenostachya,55
stenostachya,70
stenostachya,1709
stenostachya,871
stenostachya,178
stenostachya,517
stenostachya,777
stenostachya,781
stenostachya,1055
stenostachya,4
stenostachya,634
stenostachya,1127
stenostachya,232
stenostachya,199
stenostachya,1109
stenostachya,210
stenostachya,1071
stenostachya,868
stenostachya,573
stenostachya,373
stenostachya,713
stenostachya,941
stenostachya,989
stenostachya,1033
stenostachya,51
stenostachya,62
stenostachya,284
stenostachya,881
stenostachya,845
stenostachya,794
stenostachya,1067
stenostachya,130
stenostachya,325
stenostachya,852
stenostachya,914
stenostachya,317
stenostachya,119
stenostachya,1270
stenostachya,170
stenostachya,199
stenostachya,25
stenostachya,18
stenostachya,783
stenostachya,676
stenostachya,315
stenostachya,395
stenostachya,300
stenostachya,1288
stenostachya,889
stenostachya,920
stenostachya,1183
stenostachya,954
stenostachya,347
stenostachya,369
stenostachya,710
stenostachya,417
stenostachya,621
stenostachya,1679
stenostachya,766
stenostachya,612
stenostachya,604
stenostachya,497
stenostachya,286
stenostachya,274
stenostachya,691
stenostachya,823
stenostachya,316
stenostachya,13
stenostachya,12
stenostachya,528
stenostachya,994
stenostachya,1437
stenostachya,1324
stenostachya,882
stenostachya,573
stenostachya,654
stenostachya,496
stenostachya,519
stenostachya,1131
stenostachya,1024
stenostachya,84
stenostachya,8
stenostachya,26
stenostachya,588
stenostachya,1355
stenostachya,208
stenostachya,797
stenostachya,187
stenostachya,816
stenostachya,10
stenostachya,1115
stenostachya,118
stenostachya,306
stenostachya,359
stenostachya,316
stenostachya,155
stenostachya,490
stenostachya,195
stenostachya,85
stenostachya,435
stenostachya,135
stenostachya,627
stenostachya,173
stenostachya,537
stenostachya,223
stenostachya,21
stenostachya,9
stenostachya,184
stenostachya,1035
stenostachya,1126
stenostachya,365
stenostachya,181
stenostachya,1079
stenostachya,289
stenostachya,95
stenostachya,438
stenostachya,253
stenostachya,918
stenostachya,36
stenostachya,641
stenostachya,810
stenostachya,986
stenostachya,1033
stenostachya,144
stenostachya,741
stenostachya,794
stenostachya,219
stenostachya,589
stenostachya,56
stenostachya,719
stenostachya,474
stenostachya,114
stenostachya,89
stenostachya,781
stenostachya,139
stenostachya,304
stenostachya,1003
stenostachya,1234
stenostachya,1309
stenostachya,837
stenostachya,1070
stenostachya,896
stenostachya,151
stenostachya,1324
stenostachya,40
stenostachya,35
stenostachya,1064
stenostachya,254
stenostachya,134
stenostachya,1171
stenostachya,1262
stenostachya,254
stenostachya,504
stenostachya,30
stenostachya,1145
stenostachya,714
stenostachya,447
stenostachya,610
stenostachya,799
stenostachya,97
stenostachya,551
stenostachya,536
stenostachya,1101
stenostachya,355
stenostachya,1097
stenostachya,832
stenostachya,717
stenostachya,1101
stenostachya,304
stenostachya,492
stenostachya,1028
stenostachya,692
stenostachya,1041
stenostachya,604
stenostachya,984
stenostachya,1225
stenostachya,243
stenostachya,910
stenostachya,1093
stenostachya,1322
stenostachya,602
stenostachya,523
stenostachya,783
stenostachya,791
stenostachya,235
stenostachya,336
stenostachya,409
stenostachya,336
stenostachya,460
stenostachya,219
stenostachya,369
stenostachya,477
stenostachya,511
stenostachya,1070
stenostachya,828
stenostachya,779
stenostachya,936
stenostachya,630
stenostachya,964
stenostachya,767
stenostachya,634
stenostachya,515
stenostachya,810
stenostachya,863
stenostachya,86
stenostachya,427
stenostachya,292
stenostachya,339
stenostachya,814
stenostachya,1095
stenostachya,856
stenostachya,1192
stenostachya,290
stenostachya,190
stenostachya,17
stenostachya,846
stenostachya,230
stenostachya,245
stenostachya,763
stenostachya,345
stenostachya,576
stenostachya,549
stenostachya,256
stenostachya,48
stenostachya,411
stenostachya,741
stenostachya,752
stenostachya,590
stenostachya,51
stenostachya,722
stenostachya,1066
stenostachya,941
stenostachya,964
stenostachya,470
stenostachya,443
stenostachya,453
stenostachya,801
stenostachya,738
stenostachya,38
stenostachya,677
stenostachya,188
stenostachya,319
stenostachya,516
stenostachya,286
stenostachya,142
stenostachya,874
stenostachya,419
stenostachya,876
stenostachya,22
tiliifolia,56
tiliifolia,55
tiliifolia,374
tiliifolia,78
tiliifolia,449
tiliifolia,71
tiliifolia,323
tiliifolia,535
tiliifolia,197
tiliifolia,103
tiliifolia,79
tiliifolia,332
tiliifolia,101
tiliifolia,192
tiliifolia,374
tiliifolia,454
tiliifolia,1186
tiliifolia,823
tiliifolia,992
tiliifolia,773
tiliifolia,79
tiliifolia,1001
tiliifolia,541
tiliifolia,177
tiliifolia,2482
tiliifolia,650
tiliifolia,1278
tiliifolia,842
valtheri,1858
valtheri,921
valtheri,855
valtheri,397
valtheri,217
valtheri,757
valtheri,1364
valtheri,774
valtheri,266
valtheri,794
valtheri,853
valtheri,776
valtheri,789
valtheri,1613
valtheri,886
valtheri,718
valtheri,857
valtheri,1430
valtheri,1002
valtheri,1011
valtheri,350
valtheri,782
valtheri,11
valtheri,1177
valtheri,57
valtheri,1390
valtheri,1106
valtheri,1101
valtheri,741
valtheri,93
valtheri,674
valtheri,1365
valtheri,1257
valtheri,768
valtheri,1026
valtheri,796
valtheri,1081
valtheri,1260
valtheri,1003
valtheri,973
valtheri,592
valtheri,1117
valtheri,384
valtheri,302
valtheri,945
valtheri,986
valtheri,244
valtheri,1331
valtheri,438
valtheri,1328
valtheri,502
valtheri,1419
valtheri,878
valtheri,380
valtheri,242
valtheri,606
valtheri,410
valtheri,213
valtheri,815
valtheri,46
valtheri,300
valtheri,92
valtheri,940
valtheri,15
willdenowii,874
willdenowii,221
willdenowii,1419
willdenowii,806
willdenowii,935
willdenowii,944
willdenowii,749
willdenowii,1320
willdenowii,1417
willdenowii,812
willdenowii,419
willdenowii,636
willdenowii,584
willdenowii,242
suberosa,50
suberosa,31
suberosa,31
suberosa,27
angelana,1437
angelana,1378
angelana,1378
angelana,1378
angelana,1378
angelana,1378
angelana,1285
angelana,1378
angelana,1378
angelana,1378
angelana,1378
capixaba,525
capixaba,792
capixaba,618
capixaba,525
capixaba,420
capixaba,420
capixaba,763
capixaba,618
capixaba,618
capixaba,636
capixaba,618
capixaba,636
capixaba,525
capixaba,636
capixaba,525
dura,545
dura,1320
dura,1320
dura,1320
dura,1320
dura,1343
dura,1320
dura,1320
dura,1320
dura,1343
kollmannii,511
kollmannii,730
kollmannii,730
kollmannii,838
kollmannii,730
penduliflora,1243
penduliflora,1054
penduliflora,690
penduliflora,1243
penduliflora,690
penduliflora,690
penduliflora,690
penduliflora,690
penduliflora,690
penduliflora,1550
penduliflora,1550
kriegeriana,1419
kriegeriana,1419
kriegeriana,221
kriegeriana,221
kriegeriana,1371
kriegeriana,1419
kriegeriana,116
kriegeriana,1098
kriegeriana,671
kriegeriana,1371
kriegeriana,1419
kriegeriana,1419
kriegeriana,1147
